{"('0', '2', '0000')": [1.9999999999999996, -2.220446049250313e-16, 1.9999999999999996, -2.220446049250313e-16], "('0', '2', '0001')": [1.9999999999999996, -2.220446049250313e-16, 1.9999999999999996, -0.9975700000000001], "('0', '2', '0010')": [1.9999999999999996, -2.220446049250313e-16, -0.973, -2.220446049250313e-16], "('0', '2', '0011')": [1.9999999999999996, 0, 0, 0], "('0', '2', '0100')": [1.9999999999999996, -1.0, 1.9999999999999996, -2.220446049250313e-16], "('0', '2', '0101')": [1.8465227338273675, -0.9099999999999999, 1.9999999999999996, -0.973], "('0', '2', '0110')": [1.9999999999999996, 0, 0, -5.089817881214209e-10], "('0', '2', '0111')": [1.9999999999999996, 0, 0, 0], "('0', '2', '1000')": [-0.973, -2.220446049250313e-16, 1.9999999999999996, 0], "('0', '2', '1001')": [-0.7, -2.220446049250313e-16, 1.9999999999999996, 0], "('0', '2', '1010')": [-1.0, -1.428, -1.0, -1.2285072267505035], "('0', '2', '1011')": [-0.9999999999999978, -1.303374244321235, -0.9999999999999978, -0.9999999999999978], "('0', '2', '1100')": [-0.7, -0.7, 1.999999999999999, 0], "('0', '2', '1101')": [-0.7, -0.7, 1.9999999999999996, 0], "('0', '2', '1110')": [-0.9999999999999153, -0.9999999999999153, -0.9999999999997176, -1.155583448661038], "('0', '2', '1111')": [-0.9975700000000001, -0.9975700000000001, -0.9919, -0.9919], "('0', '3', '0000')": [1.9999999999999996, -2.220446049250313e-16, -2.220446049250313e-16, 1.9999999999999996], "('0', '3', '0001')": [1.9999999999999996, -2.220446049250313e-16, -2.220446049250313e-16, -0.9975700000000001], "('0', '3', '0010')": [1.9999999999999996, -2.220446049250313e-16, -0.99999822853, 1.9999999999999996], "('0', '3', '0011')": [1.9999999999999996, 0, -0.7, 0], "('0', '3', '0100')": [1.9999999999999996, -1.0, -2.220446049250313e-16, 1.9999999999999996], "('0', '3', '0101')": [1.9999999999999996, 0, -4.87053688085215e-05, -0.7], "('0', '3', '0110')": [1.9999999999999996, -0.7, -0.7, 1.9999999999999996], "('0', '3', '0111')": [1.9999999999999996, 0, 0, 0], "('0', '3', '1000')": [-0.9975700000000001, -2.220446049250313e-16, -2.220446049250313e-16, 1.9999999999999996], "('0', '3', '1001')": [-1.0, -1.1577675808569856, -2.220446049486442e-16, -1.0], "('0', '3', '1010')": [-0.7, -0.9099999999999999, -0.7, 1.9999999990922208], "('0', '3', '1011')": [-1.0, -1.1550000019980347, -1.0, -1.0], "('0', '3', '1100')": [-0.7, -0.7, -1.3080265759413124e-13, 1.9999968946073472], "('0', '3', '1101')": [-0.99999995217031, -0.99999995217031, -1.2919470707538208, -0.9999998405677], "('0', '3', '1110')": [-0.7, -0.7, -0.7, 1.9999999999999996], "('0', '3', '1111')": [-0.9997813, -0.9997813, -0.9997813, -0.9997813], "('0', 'NA', '0000')": [1.9999999999999996, -2.220446049250313e-16, -2.220446049250313e-16, -2.220446049250313e-16], "('0', 'NA', '0001')": [1.9999999999999996, 0, -2.220446049250313e-16, -0.9099999999999999], "('0', 'NA', '0010')": [1.9999999999999996, -1.0, -0.7, 0], "('0', 'NA', '0011')": [1.9999999999999996, 0, 0, 0], "('0', 'NA', '0100')": [1.9999999999999996, -0.9999940950999999, -2.220446049250313e-16, -2.220446049250313e-16], "('0', 'NA', '0101')": [1.9999999999999996, 0, -2.219960437699342e-16, 0], "('0', 'NA', '0110')": [1.9999999999999996, 0, 0, 0], "('0', 'NA', '0111')": [1.9999999999999996, 0, 0, 0], "('0', 'NA', '1000')": [-0.7, -1.0, -0.5827080000132286, -2.2204461456544647e-16], "('0', 'NA', '1001')": [-0.9975700000000001, -1.0001225393145603, -3.9968028886505635e-15, -0.9975700000000001], "('0', 'NA', '1010')": [-0.7, -0.9106551872631327, -0.7, -0.025310771290141906], "('0', 'NA', '1011')": [-0.9099999999999999, -0.9100320006517569, -0.9099999999999999, -0.9099999999999999], "('0', 'NA', '1100')": [-0.7, -0.7, -0.3920000000006197, -4.3329213344290786e-05], "('0', 'NA', '1101')": [-0.9999999956953279, -0.999999985651093, -1.0, -0.999999985651093], "('0', 'NA', '1110')": [-1.0, -1.0, -1.0, -1.2915942493990906], "('0', 'NA', '1111')": [-0.7, 0, 0, 0], "('1', '2', '0000')": [-2.220446049250313e-16, 1.9999999999999996, 1.9999999999999996, -2.220446049250313e-16], "('1', '2', '0001')": [-2.220446049250313e-16, 1.9999999999999996, 1.9999999999999996, -0.9997813], "('1', '2', '0010')": [-2.220446049250313e-16, 1.9999999999999996, -0.9919, -2.220446049250313e-16], "('1', '2', '0011')": [-2.220558316863589e-16, 1.9999999999999996, -0.7, -0.7], "('1', '2', '0100')": [-2.220446049250313e-16, -0.973, 1.9999999999999996, -2.0206059048177847e-16], "('1', '2', '0101')": [-0.1328145000000001, -0.7, 1.9999999999999996, 0], "('1', '2', '0110')": [-1.1563982655232072, -1.0, -1.0, -1.0040518701378276], "('1', '2', '0111')": [-1.324194408417011, -1.0, -1.0, -1.0], "('1', '2', '1000')": [-1.0, 1.9999999999999996, 1.9999999999999996, -2.220446049250313e-16], "('1', '2', '1001')": [-0.9975700000000001, 1.9999999999999996, 0, -0.973], "('1', '2', '1010')": [-0.7, 1.9999999999999996, 0, 0], "('1', '2', '1011')": [-0.7, 1.9999999999994862, 0, 0], "('1', '2', '1100')": [-0.7, -0.7, 1.9999999999999996, 0], "('1', '2', '1101')": [-0.7, -0.7, 1.9999999999999996, 0], "('1', '2', '1110')": [-0.9999999999999153, -0.9999999999999153, -0.9999999999999153, -1.2721382551736862], "('1', '2', '1111')": [-0.999980317, -0.999980317, -0.99993439, -0.99993439], "('1', '3', '0000')": [-2.220446049250313e-16, 1.9999999999999996, -2.220446049250313e-16, 1.9999999999999996], "('1', '3', '0001')": [-2.220446049250313e-16, 1.9999999999999996, -2.220446049250313e-16, -0.9997813], "('1', '3', '0010')": [-2.220446049250313e-16, 1.9999999999999996, -0.9999999996125795, 1.9999999999999996], "('1', '3', '0011')": [-0.9099999999999999, 1.9999999999999996, 0, 0], "('1', '3', '0100')": [-2.220446049250313e-16, -0.999980317, -2.220446049250313e-16, 1.9999999999999996], "('1', '3', '0101')": [-1.40595, -1.0, -1.1550000096389783, -1.0], "('1', '3', '0110')": [-0.024570000000000227, -0.7, -0.7, 1.9999999999999996], "('1', '3', '0111')": [-1.2430895435050255, -1.0, -1.0, -1.0], "('1', '3', '1000')": [-1.0, 1.9999999999999996, -2.220446049250313e-16, 1.9999999999999996], "('1', '3', '1001')": [-0.7, 1.9999999999999996, 0, 0], "('1', '3', '1010')": [-0.999271, 1.9999999999999996, -0.9099999999999999, 1.9999999999999996], "('1', '3', '1011')": [-0.7, 1.999999999989793, 0, 0], "('1', '3', '1100')": [-0.7, -0.7, -2.220446049250313e-16, 1.9999999999999996], "('1', '3', '1101')": [-0.999999985651093, -0.99999995217031, -1.2463213340926254, -0.99999995217031], "('1', '3', '1110')": [-0.7, -0.7, -0.7, 1.9999999999999996], "('1', '3', '1111')": [-0.9997813, -0.9997813, -0.999271, -0.999271], "('1', 'NA', '0000')": [-2.220446049250313e-16, 1.9999999999999996, -2.220446049250313e-16, -2.220446049250313e-16], "('1', 'NA', '0001')": [-1.0000000006095446, 1.9999999999999996, -2.220446049250313e-16, 0], "('1', 'NA', '0010')": [-1.0, 1.9999999999999996, -0.9099999999999999, -2.220446049250347e-16], "('1', 'NA', '0011')": [-0.973, 1.9999999999999996, 0, 0], "('1', 'NA', '0100')": [-1.4549999999999998, -1.0, -1.1654412116831745, -1.0075790238518414], "('1', 'NA', '0101')": [-1.0000000074746744, -1.0, -1.0, -1.0], "('1', 'NA', '0110')": [-0.9099999999999999, -0.7, -0.7, -1.7741693025819625e-10], "('1', 'NA', '0111')": [-1.4936364531049244, -0.99999822853, -0.99999822853, -0.9999940950999999], "('1', 'NA', '1000')": [-0.99999995217031, 1.9999999999999996, -2.220446049250313e-16, -2.220446049250313e-16], "('1', 'NA', '1001')": [-0.7, 1.9999999999999996, -2.220446049250313e-16, 0], "('1', 'NA', '1010')": [-0.7, 1.9999999999999996, 0, 0], "('1', 'NA', '1011')": [-0.7, 1.9999999999999996, 0, 0], "('1', 'NA', '1100')": [-0.7, -0.7, -1.0000000835887246, -2.220446049250313e-16], "('1', 'NA', '1101')": [-0.9997813, -0.9997813, -1.000000000000217, -0.999271], "('1', 'NA', '1110')": [-0.7, -0.7, -0.7, -1.2434497875801753e-14], "('1', 'NA', '1111')": [-0.7, -0.7, -0.7, 0], "('NA', '2', '0000')": [-2.220446049250313e-16, -2.220446049250313e-16, 1.9999999999999996, -2.220446049250313e-16],